LV60472|Selecline 12 couverts|Lave-vaisselle|électroménager|Lave-vaisselle 12 couverts
DFS2536S|Beko 10 couverts|Lave-vaisselle|électroménager|Lave-vaisselle 10 couverts
53E22FR|Bosch SGS|Lave-vaisselle|électroménager|Lave-vaisselle 12 couverts
335NB|Whirlpool FT Noir|Micro-ondes|électroménager|Micro-ondes multifonction
12470TD|LG lave linge|Lave-linge|électroménager|Lave-linge 8 kgs 1200 trs/mn
75221SX|BEKO HIG|Table-cuisson|électroménager|Table de cuisson gaz
D4865RG|Ordinateur LG 1ghz|ordinateur|informatique|Ordinateur LG double coeur 1Ghz 4go Ram
|HP G5215FR|ordinateur|informatique|Athlon II X4 635 2,9 GHz, 4096 Mo, 1 To, DVD±RW Azerty français, Windows® 7 Edition Familiale Premium français
|ACER Aspire AZ3101-035|ordinateur|informatique|Ordinateur de bureau Athlon II x2 220 4096.Mo (2048x2) 640.Go 21.5.pouces Tactile nVidia GeForce 9200 Windows 7 Premium Tuner TNT
|PACKARD BELL IMEDIA D4007FR + 21,5"|ordinateur|informatique|Processeur Intel Pentium E5800 à 3,2 Ghz
|LED XPS L501x Aluminium Intel Core 501X9426|ordinateur|informatique|DELL: 15.6 LED XPS L501x Aluminium Intel Core i5-460M 4GB/640GB Nvidia GTX420M 1GB
|PNY Attaché Original 4 Go|stockage|informatique|Clé USB 2.0 4 Go - Vitesse d'écriture jusqu'à 6 Mo/s - Vitesse de lecture jusqu'à 14 Mo/s - Dimensions compactes : 54 x 11 x 17 mm - Plug and play - Stockage des données garanti pendant 10 ans - Compatible PC, Mac et Linux - Garantie 2 ans.
|Toshiba storE Alu2 500 Go|stockage|informatique|Couleur Marron - Disque dur externe portable 500 Go - Format 2.5" - Interface USB 2.0 - Autoalimenté - Fonctionnement silencieux - vitesse de rotation 5400 tpm - Boîtier ultra résistant - Compatible Windows - Garantie 2 ans.
|EMTEC Movie Cube K230 1000 Go|stockage|informatique|Disque dur multimedia - Sortie HDMI, péritel - Lecteur de cartes - Sortie optique - Sortie Composite A/V et Composante Y/Pb/Pr - Gestion des sous-titres - Garantie 1 an.
|Peekton MiniPeek 259 Black 320 Go|stockage|informatique|Mini boîtier multimédia - Capacité 320 GO - Port HDMI - Port USB Host - SD Card - Télécommande incluse - Couleur Noir aluminium - Garantie 1 an.
|Intel Sandybridge Core i5 2500K|composants |informatique|Processeur Socket LGA 1155 - Fréquence 3.3 Ghz - 6 Mo de cache L3 - 95W - 32nm - Intel Turbo Boost - Version boîte avec ventilateur - ref BX80623I52500K - Garantie 3 ans.
|Gigabyte GA-M68M-S2P|composants |informatique|Gigabyte GA-M68M-S2P - Carte mère socket AM3 - Chipset NVIDIA GeForce 7025 / nForce 630a - 2 slots DDR2 - PCI Express 16x - SATA 3Gb/s - Gigabit LAN - USB / Audio HD - Format Micro-ATX - Garantie 3 ans.
|MSI GeForce GTX 560 Ti 1Go OC|composants |informatique|MSI GeForce GTX 560 Ti 1Go Twin Frozr II OC - Carte graphique NVIDIA GeForce GTX 560 Ti version OverClockée - GPU cadencé à 880 MHz - Mémoire 1024 Mo GDDR5 - PCI Express 2.0 - Dual-link DVI-I / Mini HDMI - Compatible HDCP / SLI - Refroidissement Twin Frozr II - Réf. N560GTX-TI TWIN FROZR II/OC - Garantie 2 ans.
|Xigmatek ASGARD|composants |informatique|Boitier PC Moyen Tour - Pour cartes mères ATX / Micro ATX - 7 slots d'extension - USB 2.0 x 2 / Audio E/S - Structure en acier - Garantie 1 an.
|HP Photosmart WiFi eAiO 2011|imprimantes|informatique|Imprimante multifonctions jet d'encre A4 (3 en 1) WiFi - Imprimante et copie 4800 x 1200 ppp, 32 ppm en noir et 30 ppm en couleur - Scanner 1 200 x 2 400 ppp - Ecran couleur LCD 6.1 cm TouchSmart - Lecteur de carte mémoire - Bac d'alimentation 80 feuilles - Impression sans marge - WiFi 802.11 b/g/n - Compatible PC et Mac 
|Epson Stylus SX 515W|imprimantes|informatique|Imprimante multifonctions A4 jet d'encre 3 en 1 WiFi - Imprimante et Copieur 2400 x 2400 ppp, 36 ppm et en couleur - Scanner 2400 x 2400 ppp - Ecran LCD Couleur 6.3 cm - Impression sans marge - Lecteur cartes mémoires - Picbridge - Réseau Ethernet et Wifi - Bac d'alimentation 120 feuilles
|Epson Multipack T0715|imprimantes|informatique|Multipack "Guépard" (T0715) - Encres DURABrite Ultra Noir, Cyan, Magenta, Jaune - 1 x noire, 1 x jaune, 1 x cyan, 1 x magenta 
|Cartouche remanufacturée HP n° 363|imprimantes|informatique|Cartouche d'encre Cyan - 6 ml - Environ 400 pages - Cartouches Ink Again: produits respectueux de l'environnement
|FARMING SIMULATOR 2011|PC|jeux vidéo|Endossez vos habits de fermier et lancez-vous dans la profession d'exploitant agricole ! Cultivez des céréales (quatre types de céréales proposées) ou élevez du bétail sur vos terres avant de vendre votre production. Comme tout fermier moderne, sachez conduire vos engins agricoles (tracteur, moissonneuse, etc.) et menez à bien votre exploitattion !
|SNIPER GHOST WARRIOR|PC|jeux vidéo|Soyez discret, précis et impitoyable !
|MEDAL OF HONOR|PC|jeux vidéo|Rejoignez les troupes d'elite
|WOLFENSTEIN|PC|jeux vidéo|Wolfenstein, berceau historique du genre FPS débarque à nouveau dans un troisième volet des plus réussi. Graphismes superbes, gameplay rapide et ambiance unique font effectivement de ce Wolfenstein un grand FPS qui ravira sans nul doute les amateurs du genre. Les sbires du Troisième Reich ont de nouveau du souci à se faire, BJ Blazkowicz est de retour !
|CALL OF DUTY BLACK OPS |PS3|jeux vidéo|Bienvenue dans l'enfer de la guerre froide !
|EYEPET + CAMERA|PS3|jeux vidéo|L'ami magique dont tu as toujours rêvé
|Gran Turismo 5 3D|PS3|jeux vidéo|Prenez votre revanche sur la piste 
|TOP SPIN 4|Xbox|jeux vidéo|Retrouvez Andre Agassi, Rafael Nadal et Ana Ivanovic et bien d'autres encore dans Top Spin 4, la simulation de tennis la plus réaliste à ce jour 
|FIGHT NIGHT CHAMPION|Xbox|jeux vidéo|La boxe dans toute sa brutalité 
|PLANCHA Brasero|plein air|jardin/brico|Plancha Brasero 2 feux et plaque fonte - Plancha à plaque de cuisson en fonte - Plaque très facile à nettoyer et très robuste - Plancha équipée de 2 brûleurs permettant de saisir les aliments à 300°C - Convient à un usage en plein air : plancha idéale pour s'encastrer dans une cuisine d'extérieur
|Salon "MANO" 6P Résine tréssée|plein air|jardin/brico|Cet ensemble est composé de 1x Canapé avec deux accoudoirs (et coussin) + 2x Canapé avec un accoudoir (et coussin) + 1x Canapé sans accoudoir (avec coussin) + 1x Table (avec plateau en verre) + 1x Tabouret (avec coussin) - Structure métal avec revêtement en résine tréssée brossée 4 brins noire
|MOSAÏC CANARIAS Piscine acier ronde 550x120cm|plein air|jardin/brico|Plein air - Piscine acier ronde - Dimensions 550x120cm - Paroi acier laqué et fermeture par double ligne de vis - Profilés métalliques blancs - Volume d'eau 26120 litres - Liner PVC traité anti-UV - Fitre à sable 4.5 m3/h avec skimmer - Livré avec échelle 8 marches, laquée blanche
|Table rectangulaire en eucalyptus|plein air|jardin/brico|Table rectangulaire - En eucalyptus - Avec 2 extensions(250 et 300 cm) - A monter soi-même - Dimensions : L200/250/300xH75xP120cm
|AMAZONAS hamac "BARBADOS" mocca|plein air|jardin/brico|Le hamac confortable "BARBADOS" est un de nos produits les plus prisés pour ses couleurs et ses magnifiques motifs- Coloris : mocca - Disponible en plusieurs coloris - Poids maximum : 200 kg
|BLACK&DECKER Tronçonneuse électrique GK1635X|outils|jardin/brico|NC
|Tondeuse thermique tractée - Moteur B&S série 675 Ready Start - Carter en acier - Largeur de coupe 51 cm-4x1 - Réglage hauteur de coupe 6 positions-centralisé, de 25 à 90 mm - Bac hybride 60 litres - Garantie 2 ans|outils|jardin/brico|Tondeuse thermique tractée - Moteur B&S série 675 Ready Start - Carter en acier - Largeur de coupe 51 cm-4x1 - Réglage hauteur de coupe 6 positions-centralisé, de 25 à 90 mm - Bac hybride 60 litres - Garantie 2 ans
|BLACK & DECKER 3 en 1: Aspirateur Broyeur Souffleu|outils|jardin/brico|1 tube étroit pour le soufflage + 1 tube large pour l'aspiration des feuilles - 2 vitesses de soufflage : 210 et 290 km/h - Broyage par turbine - Réduit le volume des feuilles broyées de 10 à 1 - Sac de 35 litres, facile à vider,pratique et non salissant
|Taille haies 750W THE750RH|outils|jardin/brico|Puissance 750 W Longueur de lame : 68 cm - Capacité de coupe : 24 mm - Vitesse : 1600 trs/min - Poignée arrière rotative 3 positions - Lame double action - Frein mécanique
|CONTINENTAL EDISON RBC90FSA|Réfrigérateur|électroménager|Réfrigérateur 1 porte - Capacité : 90L (80L + 10L) - Froid statique - Porte réversible - Compartiment à légumes - Eclairage intérieur - Coloris : blanc
|ROBUSTA TOP70B|Réfrigérateur|électroménager|Réfrigérateur Table Top - Volume 70L - 2 clayettes - Dégivrage automatique - Capacité de refroidissement 0°C à 8°C - Porte réversible - Coloris Blanc
|INDESIT BAAN13V|Réfrigérateur|électroménager|Réfrigérateur combiné - Volume utile 306 L (214+92) - Froid brassé - Hygiène Control - Clayettes en verre - Pouvoir de congélation 6 kg/24h - Classe A+ - Coloris blanc
|LG GCD 6113AC|Réfrigérateur|électroménager|Réfrigérateur combiné - Volume : 343L - Froid ventilé total - Technologie save cooling : 2 évaporateurs - Eclairage intérieur LED - Classe énergétique A++ - Traitement anti-bactérien - Alarme porte ouverte - Portes réversibles - Affichage digital LED - Coloris : inox
|WHIRLPOOL WBE 3321 NFS|Réfrigérateur|électroménager|Réfrigérateur combiné - Volume utile 328 L (228 L + 100 L) - Froid ventilé No frost - Dégivrage automatique - Thermostat - 4 étoiles - Classe A - Coloris silver
|CONTINENTAL EDISON GN330V|Réfrigérateur|électroménager|Réfrigérateur Combiné - Volume : 279 l (188 + 91) - Froid Statique - Classe A - Congélateur 4* - Pouvoir de congélation : 6 kg/24h - 3 clayettes -2 bac à légumes - 1 tiroir + 2 abattants - Coloris argent
|CONTINENTAL EDISON FM510FSA|Four|électroménager|Four multifonctions catalyse - Capacité 56 L - 5 programmes de cuisson - Système automatique début et fin de cuisson - Porte tempérée triple vitrage - Programmateur digital - Minuterie digitale - Accessoires - Coloris inox - Garantie 2 ans pièces
|LADEN FE100IX|Four|électroménager|Four multifonction air pulsé - Programmateur électronique - Température jusqu'à 250° - Basse température - Voyant du degré de température - sécurité enfants - Couleur Inox
|ELECTROLUX EOC45441X|Four|électroménager|Four Multifonction - Nettoyage Pyrolyse - Volume 56L - Chaleur tournante - Programmateur électronique - Préconisation de la température - 14 recettes automatiques - Fonction PAIN - Porte froide / 4 verres / verres démontables - Classe A - Coloris Inox anti-trace
|SCHOLTES FM8861 G MT|Four|électroménager|Four Pyrolyse - Capacité 56L - 8 Fonctions Création - 9 Fonctions Succès - Porte froide - Thermostat électronique 30/300°C - Touches sensitives - Programmateur digital - Coloris Miroir
|WHIRLPOOL AKZ232IX|Four|électroménager|Four Multifonction Pyrolyse - Volume du moufle 52 L - Multifonction Air Pulsé - Programmateur Electronique - Température réglable jusqu'à 250°C - Tournebroche - Porte plein verre - Vitres démontables - Classe A
|HARPER XPRESS|Aspirateur|électroménager|Aspirateur sans sac - Puissance 1400 Watts - Dépression 18 kPa - Débit d'air 27 dm3/sec - Bac de 1.5 litres - Filtre Hepa lavable - Brosse universelle 2 positions - Poignée de transport - Coloris noir
|HARPER XP 160|Aspirateur|électroménager|Aspirateur sans sac - Puissance 1400 watts - Dépression 19 kPa - Débit d'air 24 dm3/seconde - Bac de 2 litres - Filtre Hepa lavable - Enrouleur automatique de câble - Position parking - Coloris noir
|POLTI AS519|Aspirateur|électroménager|Aspirateur sans sac - Puissance 1800 W - Niveau sonore 76 db - Débit d’air 30 l/sec - Capacité d’aspiration 25 kPa - Capacité bac de collectage 2.5 litres - Filtre type Hepa - Coloris rouge
|DAEWOO RC220RS|Aspirateur|électroménager|Aspirateur compact - Puissance 1500 watts - 5 niveaux de filtration - Tube en métal - Capacité du sac de 2 litres Régulateur mécanique de débit d’air avec une poignée - Coloris Rouge métallisé
|DIRT DEVIL M7007-1|Aspirateur|électroménager|Aspirateur traineau "Cooper" - Puissance 2000W - Capacité 1.5 L - Dépression : 30 KPA - Débit d'air 38 dm3/s - Niveau sonore 77 db - Brosse Turbo -...
|DIRT DEVIL M7075|Aspirateur|électroménager|Aspirateur - Puissance 2400 W - Capacité sacs : 5 litres - Filtre lamelles - Tube télescopique - Longueur cordon 6 m - Garantie 2 ans - Coloris noir / argent
|ELECTROLUX ZE335|Aspirateur|électroménager|Aspirateur "Ergospace" - Puissance 2200 W - Dépression : 34 kpa - Débit d'air : 48 dm3/s - Variateur électronique de puissance - Filtre Hepa H12 lavable - Poignée confort - 2 systèmes parking - Pare-chocs souple et extensible Ergoshock - Sécurités - Accessoires
|Ensemble Table + 4 Chaises "JULES" Blanc|Cuisine|électroménager|Table L110xh76xP70 cm ; Chaise L39xh82xP44 cm - Structure en métal laqué gris aluminium - Plateau de la table en panneaux de fibres de moyenne densité - Assises et dossiers en panneaux de particules - Meubles à monter soi-même - Coloris blanc
|Ensemble Table + 4 chaises "BUTTERFLY" noir|Cuisine|électroménager|Table L120xh77xP80 cm ; Chaise L44xh80xP44 cm Ensemble composé d'une table rectangulaire pliante + 4 chaises pliantes - Structure en métal laqué gris aluminium - Plateau de table 2 abattants en panneaux de fibres de moyenne densité, ép. 1.8 cm recouvert PVC, étagère de rangement pour chaise - Assise...
|Table pliante "NEXT"|Cuisine|électroménager|L48/92xh74xP60 cm -Structure en métal laqué gris aluminium - Plateau avec abattant en panneaux de fibres de moyenne densité, ép. 1.8 cm recouvert PVC - Meubles à monter soi-même - Coloris noir
|Table "BUTTERFLY"|Cuisine|électroménager|Structure en métal laqué gris aluminium - Plateau avec 2 abattants en panneaux de fibres de moyenne densité, ép. 1.8 cm recouvert PVC - Étagère de rangement pour chaises - Montée sur 4 roulettes noires - Meubles à monter soi-même - Coloris noir - Chaises vendues séparément
|Cuisine complète "COOKY"|Cuisine|électroménager|Cet ensemble est composé d'un meuble bas 40 cm, un meuble bas 80 cm, un meuble sous-évier 100 cm, un meuble haut 40 cm, un meuble haut 80 cm, une colonne 40 cm et un évier à encastrer - Meubles en panneaux de particules décor mélamine imitation blanc - Évier rond en inox - Vendu sans électroménager
|Cuisine complète "PAPRIKA"|Cuisine|électroménager|Cet ensemble est composé d'une colonne 50 cm, un meuble haut 80 cm, un meuble sur hotte, un meuble haut 100 cm, un meuble bas 80 cm, un meuble bas four 60 cm, un meuble bas 100 cm et un évier à encastrer - Meubles en panneaux de particules décor mélamine imitation blanc - Évier en inox avec système de vidage et syphon
|JE NE SAIS PAS MAIGRIR (EDITION 2011)|Livres|Librairie|Vous avez essayé de maigrir à plusieurs reprises sans résultat ? Voici l'un des régimes les plus performants et les plus satisfaisants ! Il se compose de quatre étapes successives : une phase d'attaque avec des protéines naturelles pures qui entraîne une perte de poids rapide, une période de croisière avec les protéines alternées, une phase de consolidation où l'on réintègre les autres aliments, et enfin une phase de stabilisation définitive. Ce livre pratique nous offre des idées précieuses, des recettes et des menus où le plaisir n'est jamais négligé.
|FAUTE DE PREUVES|Livres|Librairie|Aux Etats-Unis, de nos jours. Bonne élève, sportive, les pieds sur terre, Haley McWaid, 17 ans, est la fille dont rêvent tous parents. D'où la surprise de sa mère quand elle découvre que sa fille aurait découché. Et son affolement quand elle ne parvient pas à la joindre. Et son désespoir quand, après trois mois, on est toujours sans nouvelles de la jeune fille. Wendy Tines a sa petite idée. Mère célibataire d'un ado, cette journaliste ambitieuse travaille de concert avec la police pour un programme télé chargé de débusquer les délinquants sexuels. Sa dernière prise, Dan Mercer, un éducateur pour enfants. Tandis que toute la ville est sur les dents, à la recherche d'un prédateur sexuel, Wendy va découvrir que l'affaire Mercer va l'entraîner beaucoup plus loin que tout ce qu'elle aurait pu imaginer... Traque sur internet, délinquance sexuelle, confréries malfaisantes, jeux adolescents qui tournent mal, vengeance... Le maître de nos nuits blanches a encore frappé.
|SANS LAISSER D'ADRESSE|Livres|Librairie|Ancien sportif reconverti dans les relations publiques, Myron Bolitar tombe des nues quand il reçoit l'appel de Terese, dont il est sans nouvelles depuis sept ans : « Rejoins-moi. Fais vite... ». A peine arrivé à Paris, le cauchemar commence... Le mari de Terese vient d'y être assassiné, et l'ADN de sa fille, morte il y a des années, aurait été relevé sur les lieux du crime. Qui en veut à la vie de Terese ? Quels secrets lui a-t-elle cachés ? Pourquoi le Mossad, Interpol et la CIA les traquent-ils sans relâche ? Enlèvements, manipulations génétiques, meurtres, menace islamiste, complots internationaux... Pour Bolitar et ses alliés de toujours, la chasse est ouverte.
|DORA VA A L'ECOLE|Livres|Librairie|Dora et Babouche rencontrent leur maîtresse sur le chemin de l'école. Le vélo de la maîtresse a un pneu crevé. Dora et Babouche vont-ils pouvoir l'aider à arriver à l'école avant ses élèves ?
|DORA ET SON DOUDOU|Livres|Librairie|dora est invitée à dormir chez son ami babouche mais elle a perdu son doudou.
|DORA VA CHEZ LE DOCTEUR|Livres|Librairie|aujourd'hui, dora a rendez-vous chez le docteur pour sa visite médicale.
|DOME T.1|Livres|Librairie|A la fin de l'automne, la petite ville de Chester Mill, dans le Maine, est inexplicablement et brutalement isolée du reste du monde par un champ de force invisible. Personne ne comprend ce qu'est ce dôme transparent, d'où il vient et quand - ou si - il partira. L'armée semble impuissante à ouvrir un passage tandis que les ressources à l'intérieur de Chester Mill se raréfient.
|ET APRES...|Livres|Librairie|A l'automne 1972, sur un ponton en bois au bord d'un lac de l'île Nantucket, deux enfants, Claire et Nathan (8 ans, d'origine française) observent un cygne. Le ponton casse et Claire tombe dans l'eau. Nathan part chercher ses parents en courant à bout de souffle mais il est percuté par une voiture à proximité de chez lui. Il se voit alors hors de son corps et a l'impression de voler vers une lumière vivante où il se sent bien (voir : expérience de mort imminente). Mais il ne meurt pas ; il sort du coma et un médecin l'interroge sur ce qu'il a vu. Bien des années plus tard, Nathan, adulte, est avocat à New York et doit traiter un dossier de catastrophe aérienne. Il a épousé Claire avec qui il a eu deux enfants, une fille (Tracy) et un garçon (Paul), mais le petit garçon est décédé dans son sommeil de la mort subite du nourrisson et Nathan s'est réfugié dans son travail. Sa femme l'a alors quitté et est partie vivre ailleurs avec leur fille.
|SEXE, DIAMANTS ET PLUS SI AFFINITES...|Livres|Librairie|Belles, sexy, dans le vent, elles connaissent par coeur tous les endroits tendance de Manhattan. Lors d'une soirée un peu trop arrosée, elles font un pacte : chacune des trois doit changer radicalement de comportement, surtout à l'égard du sexe fort! Et si transformer une " bomba latina " en jeune mariée n'est pas une mince affaire, convertir une grande romantique au libertinage relève presque du miracle.
|LA SYNTHESE DE DOCUMENTS|Livres|Librairie|NC
|RIEN A DECLARER|Livres|Librairie|1er janvier 1993 : La Convention de Schengen promulgue l'ouverture des frontières en Europe. Deux douaniers, l'un Belge, l'autre Français, apprennent la disparition prochaine de leur petit poste de douane fixe respectif. Voisins de douane et ennemis de toujours, ils doivent désormais faire équipe et sillonner les routes de campagnes frontalières à bord d'une 4L d'interception des douanes internationales.
|DRAGON BALL PERFECT EDITION T.13|Livres|Librairie|Un volume entièrement centré sur la fin du grand tournoi des arts martiaux, et notamment le duel légendaire entre Son Goku et Piccolo Junior ! Après avoir vaincu Kami-sama, sa contrepartie positive, Piccolo l'a enfermé et absorbé de telle sorte que ce dernier mourrait instantanément s'il était lui-même tué. Son Goku va devoir ruser pour arriver à gagner malgré tout ! Ce tome clôt la première partie de la saga Dragon Ball, le prochain démarrant le fameux cycle appelé «Z».
|MASTERCHEF ; LE COOKBOOK|Livres|Librairie|Le Cookbook, le livre événement préfacé par le jury, rassemble les 200 meilleures recettes des 20 candidats ayant participé au Masterchef 2010, le tout illustré de nombreuses photos de l'émission, de pas à pas et de recettes.
|LE GUIDE ULTIME IPHONE, IPAD, IPOD TOUCH & APPLE T|Livres|Librairie|NC
|SAVOIR TOUT FAIRE; AVEC PHOTOSHOP|Livres|Librairie|Que ce soit dans les dessins animés, les BD, les films, etc., les créatures surnaturelles sont partout et on en raffole : monstres, robots, fées, elfes, aliens, etc. tous offrent des perspectives créatives sans limite. C'est ce sujet que nous avons décidé d'aborder avec cet ouvrage qui vous donnera un bel aperçu de plus de 20 personnages extraordinaires réalisés par des artistes de tous horizons.
|MONTAGE VIDEO ET AUDIO LIBRE ;DU CAMESCOPE AU DVD|Livres|Librairie|Des outils libres pour le montage vidéo amateur. Du caméscope et de la prise de vue au montage et à la post-production DVD, voilà l'ouvrage attendu par les vidéastes amateurs souhaitant utiliser des logiciels libres pour créer leurs films et courts-métrages.
|LA CARESSE QU'IL N'OUBLIERA JAMAIS ; 50 SCENARIOS|Livres|Librairie|La fellation est une expérience amoureuse et sexuelle qui engage tous les sens et qui exalte le corps de la tête aux pieds. Ce livre va bien au-delà d'un cours d'introduction à la fellation. II vous donne, étape par étape, des techniques et des idées qui feront chavirer de bonheur votre partenaire. Surprenez votre amant en lui donnant quelque chose de nouveau et d'excitant comme, la fellation de star, la gorge profonde ou la fellation on the rock. Chaque scénario proposé est basé sur des techniques et des positions excitantes et créatives. Vous apprendrez les secrets de la stimulation des points sensibles et de la prolongation de l'excitation qui feront de vos fellations un moment unique et rare.
|Y A-T-IL UN GRAND ARCHITECTE DANS L'UNIVERS ?|Livres|Librairie|Pourquoi et comment l'Univers a-t-il commencé ? Pourquoi y a-t-il quelque chose plutôt que rien ? Quelle est la nature de la réalité ? Comment expliquer que les lois naturelles soient aussi finement ajustées ? Et nous, pourquoi donc existons-nous ?Longtemps réservées aux philosophes et aux théologiens, ces interrogations relèvent désormais aussi de la science. C'est ce que montrent ici avec brio et simplicité Stephen Hawking et Leonard Mlodinow, s'appuyant sur les découvertes et les théories les plus récentes, qui ébranlent nos croyances les plus anciennes.Pour eux, inutile d'imaginer un plan, un dessein, un créateur derrière la nature. La science explique bel et bien à elle seule les mystères de l'Univers.Des réponses nouvelles aux questions les plus élémentaires : lumineux et provocateur !Le premier ouvrage important de Stephen Hawking depuis dix ans.
|VIDAL 2011 ; LE DICTIONNAIRE|Livres|Librairie|NC
|HOME|Livres|Librairie|Dix ans après La Terre vue du ciel, Yann Arthus-Bertrand réalise pour la première fois un long métrage, un appel à une prise de conscience sur l'avenir de notre planète afin de nous inciter à la préserver.Au cours de cet incroyable voyage au-dessus de la Terre, vont se dévoiler toutes ses richesses, la beauté de ses paysages, mais en même temps, les empreintes terribles et destructrices que l'homme lui a imposées depuis une cinquantaine d'années.Accompagnant le film de dimension internationale, le message de Yann Arthus Bertrand est clair : " Prenons le temps de regarder notre planète, contemplons sa beauté, mais il y a urgence, prenons TOUS nos responsabilités pour agir ensemble afin que demain existe."
|LES 1001 INVENTIONS QUI ONT CHANGE LE MONDE|Livres|Librairie|De la préhistoire à nos jours, des outils de pierre au plus grand accélérateur de particules, cet ouvrage présente les inventions qui ont changé le monde.
|NIKE Baskets Zoom Articulate SC Homme|Chaussures|Textile|Modèle Zoom Articulate SC. Coloris : blanc, argent et rouge. Un look sportif au quotidien avec ces baskets.
|NIKE Baskets Air Toukol II Leather Homme|Chaussures|Textile|Modèle Air Toukol II Leather. Coloris : blanc, royal et noir. Baskets homme au profil sportif pour une marche légère.
|NIKE Baskets Shox R4|Chaussures|Textile|Modèle Shox R4. Coloris : argent et blanc. Baskets basses à lacets dotées de la technologie Nike Shox. Inspirées des chaussures de course sur piste, ces baskets vous apporteront toute la légereté et la respirabilité dont vous avez besoin !
|COOL SHOE Casablanca Femme|Chaussures|Textile|Modèle Casablanca. Coloris : beige. Tong femme avec fleur fantaisie.
|CROCS Ballerines Girls Mary Jane Enfant|Chaussures|Textile|Modèle Girls Mary Jane. Coloris : or. Ballerines dorées parfaites pour les princesses !
|CONVERSE Hi Repeat Homme|Chaussures|Textile|Modèle Hi Repeat. Coloris : blanc et noir. Campez un look décontracte avec ces baskets fortes en style !
|SUPERGA 2750 Mixte|Chaussures|Textile|Modèle 2750. Coloris : bleu marine. Baskets en toile avec lacets. Baskets à porter sans modération !
|DONNA STELLA Ballerines Divine Femme|Chaussures|Textile|Modèle Divine. Coloris : noir. Ces ballerines au design très moderne sublimeront les pieds des fashionistas !
|TOSCANIA Ballerines Sapome Femme|Chaussures|Textile|Modèle Sapome. Coloris : noir. Ballerines recouvertes de sequins et pierres fantaisie.
|TOSCANIA Bottes Megani Femme|Chaussures|Textile|Modèle Megani - Coloris : marron. Laissez-vous emporter par la douceur de ces bottes aux petits détails froncés !
|LE TEMPS DES CERISES Bottes Forea Femme|Chaussures|Textile|Modèle Forea. Coloris : gris. Bottes hivernales et chaudes, parfaites pour cette saison n'est-ce pas ?
|TOSCANIA Bottines Jacquare Femme|Chaussures|Textile|Modèle : Jacquare. Coloris : noir. Ces bottines incrustées de strass feront scintiller votre look !
|JAMES BRADLEY Chaussures Derby Buja Homme|Chaussures|Textile|Modèle Buja. Coloris : noir. Des chaussures derby à lacets. Souples et confortables, optez pour la sobriété de ces chaussures derby !
|LEE COOPER Lee Rosida Homme|Chaussures|Textile|Modèle Lee Rosida. Coloris : marron. Chaussures casual à scratch.
|JAPAN RAGS Jean Homme|Jean|Textile|Modèle Lione - Coloris : délavé. Jean fermeture boutons, 7 poches.
|JAPAN RAGS Jean Homme|Jean|Textile|Modèle Ben - Coloris : brut. Jean fermeture boutons, 5 poches.
|DIESEL Jean Homme|Jean|Textile|Modèle Larkee - Coloris : délavé. Jean fermeture boutons, 5 poches.
|BAKAJOO Mini-jupe en Jean Femme|Jean|Textile|Coloris : stone. Mini-jupe : en jean, 5 poches, fermeture zippée et boutonnée, revers. Ceinture : fine, à boucle et clous fantaisie dorés.
|BAKAJOO Jean Boyfriend Femme|Jean|Textile|Coloris : bleu délavé. Jean : coupe boyfriend, 5 poches, fermeture zippée et boutonnée, effet usé.
|GUESS T-Shirt Homme|Hauts|Textile|GUESS T-Shirt Homme
|GUESS T-Shirt Homme|Hauts|Textile|GUESS T-Shirt Homme
|GUESS Veste Homme|Hauts|Textile|Coloris : gris foncé. Veste à capuche doublée, fermeture zippée, manches longues.
|NAPAPIJRI Chemise Ranomafana Homme|Hauts|Textile|Modèle Ranomafana. Coloris : kaki. Chemise : col pointes, manches longues.
|QUIKSILVER Polo Homme|Hauts|Textile|Coloris : corail. Polo : col pointes, 3 boutons, manches courtes. Losanges et logos font l'imprimé de ce polo.
|T-TRAXX Blouson Homme|Hauts|Textile|Coloris : noir. Blouson : multipoches, col montant, manches longues.
|RIVALDI Blouson Teddy Homme|Hauts|Textile|Modèle Teddyas. Coloris : noir. Blouson : fermé par pressions et manches longues. Le teddy fait son grand retour ! Reportez-vous au guide des tailles ci-dessous.
|BAKAJOO Studio Chemise en Jean Femme|Hauts|Textile|Coloris : stone. Chemise : col pointes, fermeture boutons pressions, manches longues, deux poches.
|BAKAJOO Robe Femme|Hauts|Textile|Coloris : beige. Robe: en dentelle, col effet cache-coeur, sans manches, biais en dentelle, volant.
|BAKAJOO Studio Chemise jean Femme|Hauts|Textile|Coloris : Denim. Chemise : col pointes, fermeture boutons pressions, manches longues, deux poches.
|BAKAJOO Robe Tunique Femme|Hauts|Textile|Coloris : gris mélangé et marine. Robe : en coton, col rond, manches 3/4, liens à nouer. Ceinturez cette robe marinière 100% mode !
|ANGEL RED Soutien-gorge ampliforme Femme|Lingerie|Textile|Coloris : ivoire et noir. Soutien-gorge : ampliforme, forme corbeille, en tulle et dentelle contrastante, noeuds satin.
|STEFFY Soutien-gorge ampliforme Adonis Femme|Lingerie|Textile|Coloris : noir et ivoire. Soutien-gorge : ampliforme, bonnets moulés, bretelles ajustables, finitions en dentelle, noeud satiné, biais imitation velours.
|FREEGUN Shorty Robotik Femme|Lingerie|Textile|Coloris : noir imprimé. Shorty : en microfibre, imprimé all over Thème des robots, taille élastiquée, sérigraphies fantaisie.
|SAVARIE Porte-Jarretelles Femme|Lingerie|Textile|Coloris : ivoire. Porte-jarretelles : en voile, dentelle, rubans lacés, 4 jarretelles, pompon fantaisie.
|INTIMEA Coordonné Soutien-gorge + String Femme|Lingerie|Textile|Coloris : blanc, orange et vert. Coordonné : en tulle brodé et dentelle.
|GUESS Boxer Homme|Lingerie|Textile|Coloris : noir. Boxer doté d'une large ceinture pour plus de maintien.
|PASCAL MORABITO Boxer Homme|Lingerie|Textile|Coloris : gris. Boxer ceinture élastiquée, marque tramée, coque d'aisance doublée.
|DONNAY Boxers Homme|Lingerie|Textile|Coloris : blanc. Boxer : ceinture élastiquée, patch griffé. Lot de 2 boxers.
|DIESEL Slip Lukek Homme|Lingerie|Textile|Modèle Lukek. Coloris : blanc. Slip : ceinture élastiquée, ouvert devant. Ceinture griffée très colorée pour ce boxer.
|DOLCE GABBANA Slip Homme|Lingerie|Textile|Coloris : marine. Slip : ceinture élastiquée griffée.
|Pull|Enfants|Textile|Coloris : Encre - Composition : 40% modal, 30% coton, 30% polyamide
|SCOTT & FOX Jean fille|Enfants|Textile|Coloris : Gris foncé.
|CHARMMY KITTY Jean fille|Enfants|Textile|Coloris : Brut - Composition : 100% coton.
|CHARMMY KITTY T-shirt fille|Enfants|Textile|Coloris : Prune/rose - Composition : 95% coton, 5% élasthanne.
|CHARMMY KITTY Pyjama fille 2 pièces|Enfants|Textile|Coloris : Neige/gloss - Composition : Coton/polyester.
|CHARLOTTE AUX FRAISES Pyjama fille 2 pièces|Enfants|Textile|Coloris : Neige/gloss - Composition : Coton/polyester.
|CARS Pull garçon|Enfants|Textile|Coloris : Gris clair/rouge - Composition : 100% coton.
|CARS Veste garçon|Enfants|Textile|Coloris : Gris clair/bleu foncé - Composition : 65% coton, 35% polyester.
|RIVALDI Blouson Garçon|Enfants|Textile|Blouson en toile - Coloris : Noir - Garçon - Livré à l'unité.
|RIVALDI Jeans Garçon|Enfants|Textile|Jeans coupe droite - Coloris : Noir - Garçon - Livré à l'unité.
|SCOTT & FOX Sweat Garçon|Enfants|Textile|Sweat à capuche zippé - Coloris : Marine - Garçon - Livré à l'unité.
|SPIDERMAN Bermuda garçon|Enfants|Textile|Coloris : Marine - Composition : 100% coton.
